{"cameraMode":{"drawMode":0,"name":"Shaded","section":"Shading Mode"},"sceneLighting":false,"audioPlay":false,"sceneViewState":{"showFog":true,"showMaterialUpdate":false,"showSkybox":false,"showFlares":true,"showImageEffects":true,"showParticleSystems":true},"in2DMode":false,"pivot":{"x":-15.000007629394532,"y":0.8536812663078308,"z":-29.0},"rotation":{"x":0.005355408880859613,"y":0.9886128306388855,"z":-0.15119747817516328,"w":0.01742532104253769},"size":4.461331844329834,"orthographic":false}