{"cameraMode":{"drawMode":0,"name":"Shaded","section":"Shading Mode"},"sceneLighting":false,"audioPlay":false,"sceneViewState":{"showFog":true,"showMaterialUpdate":false,"showSkybox":false,"showFlares":true,"showImageEffects":true,"showParticleSystems":true},"in2DMode":false,"pivot":{"x":-15.000007629394532,"y":0.8536812663078308,"z":-29.0},"rotation":{"x":0.26844704151153567,"y":-0.014757245779037476,"z":0.004098743665963411,"w":0.9631816744804382},"size":2.961331844329834,"orthographic":false}